,name,since,address,province,postcode,city,url
0,Budimex Nieruchomości Sp. z o.o.,23.12.2020,ul. Skierniewicka 16/20,mazowieckie,01-230,Warszawa,https://www.otodom.pl/shop/budimex-nieruchomosci-sp-z-o-o-IDvzQA/
1,Nexity Polska,18.09.2019,Kłobucka 6,mazowieckie,02-699,Warszawa,https://nexity.otodom.pl
2,Home Invest Sp. z o.o.,12.10.2020,Jana Kazimierza 64,mazowieckie,01-248,Warszawa,https://www.otodom.pl/shop/home-invest-sp-z-o-o-IDvbsx/
3,Mota - Engil Real Estate,03.11.2020,Aleje Jerozolimskie 100,mazowieckie,00-807,Warszawa,https://www.otodom.pl/shop/mota-engil-real-estate-IDviG1/
4,Grupa Inwest,20.10.2020,Fabryczna 5,mazowieckie,00-446,Warszawa,https://www.otodom.pl/shop/grupa-inwest-IDvfG0/
5,SUN & SNOW REAL ESTATE SPÓŁKA Z OGRANICZONĄ ODPOWIEDZIALNOŚCIĄ,22.01.2020,ul. KONSTANTEGO ILDEFONSA GAŁCZYŃSKIEGO 4,mazowieckie,00-362,Warszawa,https://www.otodom.pl/shop/sun-snow-real-estate-spolka-z-ograniczona-odpowiedzialnoscia-IDufm0/
6,Trei Residential,25.06.2020,Wspólna 47/49,mazowieckie,00-684,Warszawa,https://www.otodom.pl/shop/trei-residential-IDwgPe/
7,OKAM Capital,12.11.2020,Al. Jerozolimskie 181A,mazowieckie,02-222,Warszawa,https://www.otodom.pl/shop/okam-capital-IDvn7H/
8,Tryboń PPI S.A.,22.09.2020,Serocka 27,mazowieckie,04-333,Warszawa,https://www.otodom.pl/shop/trybon-ppi-s-a-IDwUrt/
9,Dantex,27.11.2020,Płocka 9/11,mazowieckie,01-231,Warszawa,https://www.otodom.pl/shop/dantex-IDvsx7/
10,Napollo Śródziemnomorska II Sp. z o.o.,13.11.2020,Osmańska 12,mazowieckie,02-823,Warszawa,https://www.otodom.pl/shop/napollo-srodziemnomorska-ii-sp-z-o-o-IDvnr1/
11,APM Development Spółka z ograniczoną odpowiedzialnością,12.03.2020,Bartycka 85 lok. U1,mazowieckie,00-716,Warszawa,https://www.otodom.pl/shop/apm-development-spolka-z-ograniczona-odpowiedzialnoscia-IDuFOX/
12,UDI TAU Sp. z o.o.,13.01.2021,Quo Vadis 1 lok. U2,mazowieckie,01-875,Warszawa,https://www.otodom.pl/shop/udi-tau-sp-z-o-o-IDvJid/
13,Ippon Barcza Sp. z o.o.,06.09.2018,Warecka 11A,mazowieckie,00-034,Warszawa,https://www.otodom.pl/shop/ippon-barcza-sp-z-o-o-IDkycc/
14,Sprzedaż Mieszkań Deweloperskich,14.04.2020,Jana i Jędrzeja Śniadeckich 17,mazowieckie,00-654,Warszawa,https://www.otodom.pl/shop/sprzedaz-mieszkan-deweloperskich-IDuTtK/
15,UMS Investment Sp.z o.o. Sp.K.,25.05.2020,Rydygiera 8/6A,mazowieckie,01-793,Warszawa,https://www.otodom.pl/shop/ums-investment-sp-z-o-o-sp-k-IDwarW/
16,ECO CLASSIC,14.01.2021,Bukowińska 24A,mazowieckie,02-763,Warszawa,https://www.otodom.pl/shop/eco-classic-IDvKeT/
17,Novisa Development Sp. z o.o. Sp. J.,08.08.2019,Cieślewskich 53,mazowieckie,03-017,Warszawa,https://novisa.otodom.pl
18,Verdancy Development S.A.,19.04.2021,Ząbkowska 14/U3,mazowieckie,03-735,Warszawa,https://www.otodom.pl/shop/verdancy-development-s-a-IDwThD/
19,Yuniversal Development Sp. z o.o.,27.01.2021,Komisji Edukacji Narodowej 48 lok.-8,mazowieckie,02-797,Warszawa,https://www.otodom.pl/shop/yuniversal-development-sp-z-o-o-IDvQzX/
20,Budimex Nieruchomości Sp. z o.o.,23.12.2020,ul. Skierniewicka 16/20,mazowieckie,01-230,Warszawa,https://www.otodom.pl/shop/budimex-nieruchomosci-sp-z-o-o-IDvzQA/
21,Nexity Polska,18.09.2019,Kłobucka 6,mazowieckie,02-699,Warszawa,https://nexity.otodom.pl
22,Home Invest Sp. z o.o.,12.10.2020,Jana Kazimierza 64,mazowieckie,01-248,Warszawa,https://www.otodom.pl/shop/home-invest-sp-z-o-o-IDvbsx/
23,Mota - Engil Real Estate,03.11.2020,Aleje Jerozolimskie 100,mazowieckie,00-807,Warszawa,https://www.otodom.pl/shop/mota-engil-real-estate-IDviG1/
24,Grupa Inwest,20.10.2020,Fabryczna 5,mazowieckie,00-446,Warszawa,https://www.otodom.pl/shop/grupa-inwest-IDvfG0/
25,SUN & SNOW REAL ESTATE SPÓŁKA Z OGRANICZONĄ ODPOWIEDZIALNOŚCIĄ,22.01.2020,ul. KONSTANTEGO ILDEFONSA GAŁCZYŃSKIEGO 4,mazowieckie,00-362,Warszawa,https://www.otodom.pl/shop/sun-snow-real-estate-spolka-z-ograniczona-odpowiedzialnoscia-IDufm0/
26,Trei Residential,25.06.2020,Wspólna 47/49,mazowieckie,00-684,Warszawa,https://www.otodom.pl/shop/trei-residential-IDwgPe/
27,OKAM Capital,12.11.2020,Al. Jerozolimskie 181A,mazowieckie,02-222,Warszawa,https://www.otodom.pl/shop/okam-capital-IDvn7H/
28,Tryboń PPI S.A.,22.09.2020,Serocka 27,mazowieckie,04-333,Warszawa,https://www.otodom.pl/shop/trybon-ppi-s-a-IDwUrt/
29,Dantex,27.11.2020,Płocka 9/11,mazowieckie,01-231,Warszawa,https://www.otodom.pl/shop/dantex-IDvsx7/
30,Napollo Śródziemnomorska II Sp. z o.o.,13.11.2020,Osmańska 12,mazowieckie,02-823,Warszawa,https://www.otodom.pl/shop/napollo-srodziemnomorska-ii-sp-z-o-o-IDvnr1/
31,APM Development Spółka z ograniczoną odpowiedzialnością,12.03.2020,Bartycka 85 lok. U1,mazowieckie,00-716,Warszawa,https://www.otodom.pl/shop/apm-development-spolka-z-ograniczona-odpowiedzialnoscia-IDuFOX/
32,UDI TAU Sp. z o.o.,13.01.2021,Quo Vadis 1 lok. U2,mazowieckie,01-875,Warszawa,https://www.otodom.pl/shop/udi-tau-sp-z-o-o-IDvJid/
33,Ippon Barcza Sp. z o.o.,06.09.2018,Warecka 11A,mazowieckie,00-034,Warszawa,https://www.otodom.pl/shop/ippon-barcza-sp-z-o-o-IDkycc/
34,Sprzedaż Mieszkań Deweloperskich,14.04.2020,Jana i Jędrzeja Śniadeckich 17,mazowieckie,00-654,Warszawa,https://www.otodom.pl/shop/sprzedaz-mieszkan-deweloperskich-IDuTtK/
35,UMS Investment Sp.z o.o. Sp.K.,25.05.2020,Rydygiera 8/6A,mazowieckie,01-793,Warszawa,https://www.otodom.pl/shop/ums-investment-sp-z-o-o-sp-k-IDwarW/
36,ECO CLASSIC,14.01.2021,Bukowińska 24A,mazowieckie,02-763,Warszawa,https://www.otodom.pl/shop/eco-classic-IDvKeT/
37,Novisa Development Sp. z o.o. Sp. J.,08.08.2019,Cieślewskich 53,mazowieckie,03-017,Warszawa,https://novisa.otodom.pl
38,Verdancy Development S.A.,19.04.2021,Ząbkowska 14/U3,mazowieckie,03-735,Warszawa,https://www.otodom.pl/shop/verdancy-development-s-a-IDwThD/
39,Yuniversal Development Sp. z o.o.,27.01.2021,Komisji Edukacji Narodowej 48 lok.-8,mazowieckie,02-797,Warszawa,https://www.otodom.pl/shop/yuniversal-development-sp-z-o-o-IDvQzX/
40,Budimex Nieruchomości Sp. z o.o.,23.12.2020,ul. Skierniewicka 16/20,mazowieckie,01-230,Warszawa,https://www.otodom.pl/shop/budimex-nieruchomosci-sp-z-o-o-IDvzQA/
41,Nexity Polska,18.09.2019,Kłobucka 6,mazowieckie,02-699,Warszawa,https://nexity.otodom.pl
42,Home Invest Sp. z o.o.,12.10.2020,Jana Kazimierza 64,mazowieckie,01-248,Warszawa,https://www.otodom.pl/shop/home-invest-sp-z-o-o-IDvbsx/
43,Mota - Engil Real Estate,03.11.2020,Aleje Jerozolimskie 100,mazowieckie,00-807,Warszawa,https://www.otodom.pl/shop/mota-engil-real-estate-IDviG1/
44,Grupa Inwest,20.10.2020,Fabryczna 5,mazowieckie,00-446,Warszawa,https://www.otodom.pl/shop/grupa-inwest-IDvfG0/
45,SUN & SNOW REAL ESTATE SPÓŁKA Z OGRANICZONĄ ODPOWIEDZIALNOŚCIĄ,22.01.2020,ul. KONSTANTEGO ILDEFONSA GAŁCZYŃSKIEGO 4,mazowieckie,00-362,Warszawa,https://www.otodom.pl/shop/sun-snow-real-estate-spolka-z-ograniczona-odpowiedzialnoscia-IDufm0/
46,Trei Residential,25.06.2020,Wspólna 47/49,mazowieckie,00-684,Warszawa,https://www.otodom.pl/shop/trei-residential-IDwgPe/
47,OKAM Capital,12.11.2020,Al. Jerozolimskie 181A,mazowieckie,02-222,Warszawa,https://www.otodom.pl/shop/okam-capital-IDvn7H/
48,Tryboń PPI S.A.,22.09.2020,Serocka 27,mazowieckie,04-333,Warszawa,https://www.otodom.pl/shop/trybon-ppi-s-a-IDwUrt/
49,Dantex,27.11.2020,Płocka 9/11,mazowieckie,01-231,Warszawa,https://www.otodom.pl/shop/dantex-IDvsx7/
50,Napollo Śródziemnomorska II Sp. z o.o.,13.11.2020,Osmańska 12,mazowieckie,02-823,Warszawa,https://www.otodom.pl/shop/napollo-srodziemnomorska-ii-sp-z-o-o-IDvnr1/
51,APM Development Spółka z ograniczoną odpowiedzialnością,12.03.2020,Bartycka 85 lok. U1,mazowieckie,00-716,Warszawa,https://www.otodom.pl/shop/apm-development-spolka-z-ograniczona-odpowiedzialnoscia-IDuFOX/
52,UDI TAU Sp. z o.o.,13.01.2021,Quo Vadis 1 lok. U2,mazowieckie,01-875,Warszawa,https://www.otodom.pl/shop/udi-tau-sp-z-o-o-IDvJid/
53,Ippon Barcza Sp. z o.o.,06.09.2018,Warecka 11A,mazowieckie,00-034,Warszawa,https://www.otodom.pl/shop/ippon-barcza-sp-z-o-o-IDkycc/
54,Sprzedaż Mieszkań Deweloperskich,14.04.2020,Jana i Jędrzeja Śniadeckich 17,mazowieckie,00-654,Warszawa,https://www.otodom.pl/shop/sprzedaz-mieszkan-deweloperskich-IDuTtK/
55,UMS Investment Sp.z o.o. Sp.K.,25.05.2020,Rydygiera 8/6A,mazowieckie,01-793,Warszawa,https://www.otodom.pl/shop/ums-investment-sp-z-o-o-sp-k-IDwarW/
56,ECO CLASSIC,14.01.2021,Bukowińska 24A,mazowieckie,02-763,Warszawa,https://www.otodom.pl/shop/eco-classic-IDvKeT/
57,Novisa Development Sp. z o.o. Sp. J.,08.08.2019,Cieślewskich 53,mazowieckie,03-017,Warszawa,https://novisa.otodom.pl
58,Verdancy Development S.A.,19.04.2021,Ząbkowska 14/U3,mazowieckie,03-735,Warszawa,https://www.otodom.pl/shop/verdancy-development-s-a-IDwThD/
59,Yuniversal Development Sp. z o.o.,27.01.2021,Komisji Edukacji Narodowej 48 lok.-8,mazowieckie,02-797,Warszawa,https://www.otodom.pl/shop/yuniversal-development-sp-z-o-o-IDvQzX/
60,Budimex Nieruchomości Sp. z o.o.,23.12.2020,ul. Skierniewicka 16/20,mazowieckie,01-230,Warszawa,https://www.otodom.pl/shop/budimex-nieruchomosci-sp-z-o-o-IDvzQA/
61,Nexity Polska,18.09.2019,Kłobucka 6,mazowieckie,02-699,Warszawa,https://nexity.otodom.pl
62,Home Invest Sp. z o.o.,12.10.2020,Jana Kazimierza 64,mazowieckie,01-248,Warszawa,https://www.otodom.pl/shop/home-invest-sp-z-o-o-IDvbsx/
63,Mota - Engil Real Estate,03.11.2020,Aleje Jerozolimskie 100,mazowieckie,00-807,Warszawa,https://www.otodom.pl/shop/mota-engil-real-estate-IDviG1/
64,Grupa Inwest,20.10.2020,Fabryczna 5,mazowieckie,00-446,Warszawa,https://www.otodom.pl/shop/grupa-inwest-IDvfG0/
65,SUN & SNOW REAL ESTATE SPÓŁKA Z OGRANICZONĄ ODPOWIEDZIALNOŚCIĄ,22.01.2020,ul. KONSTANTEGO ILDEFONSA GAŁCZYŃSKIEGO 4,mazowieckie,00-362,Warszawa,https://www.otodom.pl/shop/sun-snow-real-estate-spolka-z-ograniczona-odpowiedzialnoscia-IDufm0/
66,Trei Residential,25.06.2020,Wspólna 47/49,mazowieckie,00-684,Warszawa,https://www.otodom.pl/shop/trei-residential-IDwgPe/
67,OKAM Capital,12.11.2020,Al. Jerozolimskie 181A,mazowieckie,02-222,Warszawa,https://www.otodom.pl/shop/okam-capital-IDvn7H/
68,Tryboń PPI S.A.,22.09.2020,Serocka 27,mazowieckie,04-333,Warszawa,https://www.otodom.pl/shop/trybon-ppi-s-a-IDwUrt/
69,Dantex,27.11.2020,Płocka 9/11,mazowieckie,01-231,Warszawa,https://www.otodom.pl/shop/dantex-IDvsx7/
70,Napollo Śródziemnomorska II Sp. z o.o.,13.11.2020,Osmańska 12,mazowieckie,02-823,Warszawa,https://www.otodom.pl/shop/napollo-srodziemnomorska-ii-sp-z-o-o-IDvnr1/
71,APM Development Spółka z ograniczoną odpowiedzialnością,12.03.2020,Bartycka 85 lok. U1,mazowieckie,00-716,Warszawa,https://www.otodom.pl/shop/apm-development-spolka-z-ograniczona-odpowiedzialnoscia-IDuFOX/
72,UDI TAU Sp. z o.o.,13.01.2021,Quo Vadis 1 lok. U2,mazowieckie,01-875,Warszawa,https://www.otodom.pl/shop/udi-tau-sp-z-o-o-IDvJid/
73,Ippon Barcza Sp. z o.o.,06.09.2018,Warecka 11A,mazowieckie,00-034,Warszawa,https://www.otodom.pl/shop/ippon-barcza-sp-z-o-o-IDkycc/
74,Sprzedaż Mieszkań Deweloperskich,14.04.2020,Jana i Jędrzeja Śniadeckich 17,mazowieckie,00-654,Warszawa,https://www.otodom.pl/shop/sprzedaz-mieszkan-deweloperskich-IDuTtK/
75,UMS Investment Sp.z o.o. Sp.K.,25.05.2020,Rydygiera 8/6A,mazowieckie,01-793,Warszawa,https://www.otodom.pl/shop/ums-investment-sp-z-o-o-sp-k-IDwarW/
76,ECO CLASSIC,14.01.2021,Bukowińska 24A,mazowieckie,02-763,Warszawa,https://www.otodom.pl/shop/eco-classic-IDvKeT/
77,Novisa Development Sp. z o.o. Sp. J.,08.08.2019,Cieślewskich 53,mazowieckie,03-017,Warszawa,https://novisa.otodom.pl
78,Verdancy Development S.A.,19.04.2021,Ząbkowska 14/U3,mazowieckie,03-735,Warszawa,https://www.otodom.pl/shop/verdancy-development-s-a-IDwThD/
79,Yuniversal Development Sp. z o.o.,27.01.2021,Komisji Edukacji Narodowej 48 lok.-8,mazowieckie,02-797,Warszawa,https://www.otodom.pl/shop/yuniversal-development-sp-z-o-o-IDvQzX/
80,Budimex Nieruchomości Sp. z o.o.,23.12.2020,ul. Skierniewicka 16/20,mazowieckie,01-230,Warszawa,https://www.otodom.pl/shop/budimex-nieruchomosci-sp-z-o-o-IDvzQA/
81,Nexity Polska,18.09.2019,Kłobucka 6,mazowieckie,02-699,Warszawa,https://nexity.otodom.pl
82,Home Invest Sp. z o.o.,12.10.2020,Jana Kazimierza 64,mazowieckie,01-248,Warszawa,https://www.otodom.pl/shop/home-invest-sp-z-o-o-IDvbsx/
83,Mota - Engil Real Estate,03.11.2020,Aleje Jerozolimskie 100,mazowieckie,00-807,Warszawa,https://www.otodom.pl/shop/mota-engil-real-estate-IDviG1/
84,Grupa Inwest,20.10.2020,Fabryczna 5,mazowieckie,00-446,Warszawa,https://www.otodom.pl/shop/grupa-inwest-IDvfG0/
85,SUN & SNOW REAL ESTATE SPÓŁKA Z OGRANICZONĄ ODPOWIEDZIALNOŚCIĄ,22.01.2020,ul. KONSTANTEGO ILDEFONSA GAŁCZYŃSKIEGO 4,mazowieckie,00-362,Warszawa,https://www.otodom.pl/shop/sun-snow-real-estate-spolka-z-ograniczona-odpowiedzialnoscia-IDufm0/
86,Trei Residential,25.06.2020,Wspólna 47/49,mazowieckie,00-684,Warszawa,https://www.otodom.pl/shop/trei-residential-IDwgPe/
87,OKAM Capital,12.11.2020,Al. Jerozolimskie 181A,mazowieckie,02-222,Warszawa,https://www.otodom.pl/shop/okam-capital-IDvn7H/
88,Tryboń PPI S.A.,22.09.2020,Serocka 27,mazowieckie,04-333,Warszawa,https://www.otodom.pl/shop/trybon-ppi-s-a-IDwUrt/
89,Dantex,27.11.2020,Płocka 9/11,mazowieckie,01-231,Warszawa,https://www.otodom.pl/shop/dantex-IDvsx7/
90,Napollo Śródziemnomorska II Sp. z o.o.,13.11.2020,Osmańska 12,mazowieckie,02-823,Warszawa,https://www.otodom.pl/shop/napollo-srodziemnomorska-ii-sp-z-o-o-IDvnr1/
91,APM Development Spółka z ograniczoną odpowiedzialnością,12.03.2020,Bartycka 85 lok. U1,mazowieckie,00-716,Warszawa,https://www.otodom.pl/shop/apm-development-spolka-z-ograniczona-odpowiedzialnoscia-IDuFOX/
92,UDI TAU Sp. z o.o.,13.01.2021,Quo Vadis 1 lok. U2,mazowieckie,01-875,Warszawa,https://www.otodom.pl/shop/udi-tau-sp-z-o-o-IDvJid/
93,Ippon Barcza Sp. z o.o.,06.09.2018,Warecka 11A,mazowieckie,00-034,Warszawa,https://www.otodom.pl/shop/ippon-barcza-sp-z-o-o-IDkycc/
94,Sprzedaż Mieszkań Deweloperskich,14.04.2020,Jana i Jędrzeja Śniadeckich 17,mazowieckie,00-654,Warszawa,https://www.otodom.pl/shop/sprzedaz-mieszkan-deweloperskich-IDuTtK/
95,UMS Investment Sp.z o.o. Sp.K.,25.05.2020,Rydygiera 8/6A,mazowieckie,01-793,Warszawa,https://www.otodom.pl/shop/ums-investment-sp-z-o-o-sp-k-IDwarW/
96,ECO CLASSIC,14.01.2021,Bukowińska 24A,mazowieckie,02-763,Warszawa,https://www.otodom.pl/shop/eco-classic-IDvKeT/
97,Novisa Development Sp. z o.o. Sp. J.,08.08.2019,Cieślewskich 53,mazowieckie,03-017,Warszawa,https://novisa.otodom.pl
98,Verdancy Development S.A.,19.04.2021,Ząbkowska 14/U3,mazowieckie,03-735,Warszawa,https://www.otodom.pl/shop/verdancy-development-s-a-IDwThD/
99,Yuniversal Development Sp. z o.o.,27.01.2021,Komisji Edukacji Narodowej 48 lok.-8,mazowieckie,02-797,Warszawa,https://www.otodom.pl/shop/yuniversal-development-sp-z-o-o-IDvQzX/
100,Budimex Nieruchomości Sp. z o.o.,23.12.2020,ul. Skierniewicka 16/20,mazowieckie,01-230,Warszawa,https://www.otodom.pl/shop/budimex-nieruchomosci-sp-z-o-o-IDvzQA/
101,Nexity Polska,18.09.2019,Kłobucka 6,mazowieckie,02-699,Warszawa,https://nexity.otodom.pl
102,Home Invest Sp. z o.o.,12.10.2020,Jana Kazimierza 64,mazowieckie,01-248,Warszawa,https://www.otodom.pl/shop/home-invest-sp-z-o-o-IDvbsx/
103,Mota - Engil Real Estate,03.11.2020,Aleje Jerozolimskie 100,mazowieckie,00-807,Warszawa,https://www.otodom.pl/shop/mota-engil-real-estate-IDviG1/
104,Grupa Inwest,20.10.2020,Fabryczna 5,mazowieckie,00-446,Warszawa,https://www.otodom.pl/shop/grupa-inwest-IDvfG0/
105,SUN & SNOW REAL ESTATE SPÓŁKA Z OGRANICZONĄ ODPOWIEDZIALNOŚCIĄ,22.01.2020,ul. KONSTANTEGO ILDEFONSA GAŁCZYŃSKIEGO 4,mazowieckie,00-362,Warszawa,https://www.otodom.pl/shop/sun-snow-real-estate-spolka-z-ograniczona-odpowiedzialnoscia-IDufm0/
106,Trei Residential,25.06.2020,Wspólna 47/49,mazowieckie,00-684,Warszawa,https://www.otodom.pl/shop/trei-residential-IDwgPe/
107,OKAM Capital,12.11.2020,Al. Jerozolimskie 181A,mazowieckie,02-222,Warszawa,https://www.otodom.pl/shop/okam-capital-IDvn7H/
108,Tryboń PPI S.A.,22.09.2020,Serocka 27,mazowieckie,04-333,Warszawa,https://www.otodom.pl/shop/trybon-ppi-s-a-IDwUrt/
109,Dantex,27.11.2020,Płocka 9/11,mazowieckie,01-231,Warszawa,https://www.otodom.pl/shop/dantex-IDvsx7/
110,Napollo Śródziemnomorska II Sp. z o.o.,13.11.2020,Osmańska 12,mazowieckie,02-823,Warszawa,https://www.otodom.pl/shop/napollo-srodziemnomorska-ii-sp-z-o-o-IDvnr1/
111,APM Development Spółka z ograniczoną odpowiedzialnością,12.03.2020,Bartycka 85 lok. U1,mazowieckie,00-716,Warszawa,https://www.otodom.pl/shop/apm-development-spolka-z-ograniczona-odpowiedzialnoscia-IDuFOX/
112,UDI TAU Sp. z o.o.,13.01.2021,Quo Vadis 1 lok. U2,mazowieckie,01-875,Warszawa,https://www.otodom.pl/shop/udi-tau-sp-z-o-o-IDvJid/
113,Ippon Barcza Sp. z o.o.,06.09.2018,Warecka 11A,mazowieckie,00-034,Warszawa,https://www.otodom.pl/shop/ippon-barcza-sp-z-o-o-IDkycc/
114,Sprzedaż Mieszkań Deweloperskich,14.04.2020,Jana i Jędrzeja Śniadeckich 17,mazowieckie,00-654,Warszawa,https://www.otodom.pl/shop/sprzedaz-mieszkan-deweloperskich-IDuTtK/
115,UMS Investment Sp.z o.o. Sp.K.,25.05.2020,Rydygiera 8/6A,mazowieckie,01-793,Warszawa,https://www.otodom.pl/shop/ums-investment-sp-z-o-o-sp-k-IDwarW/
116,ECO CLASSIC,14.01.2021,Bukowińska 24A,mazowieckie,02-763,Warszawa,https://www.otodom.pl/shop/eco-classic-IDvKeT/
117,Novisa Development Sp. z o.o. Sp. J.,08.08.2019,Cieślewskich 53,mazowieckie,03-017,Warszawa,https://novisa.otodom.pl
118,Verdancy Development S.A.,19.04.2021,Ząbkowska 14/U3,mazowieckie,03-735,Warszawa,https://www.otodom.pl/shop/verdancy-development-s-a-IDwThD/
119,Yuniversal Development Sp. z o.o.,27.01.2021,Komisji Edukacji Narodowej 48 lok.-8,mazowieckie,02-797,Warszawa,https://www.otodom.pl/shop/yuniversal-development-sp-z-o-o-IDvQzX/
120,Budimex Nieruchomości Sp. z o.o.,23.12.2020,ul. Skierniewicka 16/20,mazowieckie,01-230,Warszawa,https://www.otodom.pl/shop/budimex-nieruchomosci-sp-z-o-o-IDvzQA/
121,Nexity Polska,18.09.2019,Kłobucka 6,mazowieckie,02-699,Warszawa,https://nexity.otodom.pl
122,Home Invest Sp. z o.o.,12.10.2020,Jana Kazimierza 64,mazowieckie,01-248,Warszawa,https://www.otodom.pl/shop/home-invest-sp-z-o-o-IDvbsx/
123,Mota - Engil Real Estate,03.11.2020,Aleje Jerozolimskie 100,mazowieckie,00-807,Warszawa,https://www.otodom.pl/shop/mota-engil-real-estate-IDviG1/
124,Grupa Inwest,20.10.2020,Fabryczna 5,mazowieckie,00-446,Warszawa,https://www.otodom.pl/shop/grupa-inwest-IDvfG0/
125,SUN & SNOW REAL ESTATE SPÓŁKA Z OGRANICZONĄ ODPOWIEDZIALNOŚCIĄ,22.01.2020,ul. KONSTANTEGO ILDEFONSA GAŁCZYŃSKIEGO 4,mazowieckie,00-362,Warszawa,https://www.otodom.pl/shop/sun-snow-real-estate-spolka-z-ograniczona-odpowiedzialnoscia-IDufm0/
126,Trei Residential,25.06.2020,Wspólna 47/49,mazowieckie,00-684,Warszawa,https://www.otodom.pl/shop/trei-residential-IDwgPe/
127,OKAM Capital,12.11.2020,Al. Jerozolimskie 181A,mazowieckie,02-222,Warszawa,https://www.otodom.pl/shop/okam-capital-IDvn7H/
128,Tryboń PPI S.A.,22.09.2020,Serocka 27,mazowieckie,04-333,Warszawa,https://www.otodom.pl/shop/trybon-ppi-s-a-IDwUrt/
129,Dantex,27.11.2020,Płocka 9/11,mazowieckie,01-231,Warszawa,https://www.otodom.pl/shop/dantex-IDvsx7/
130,Napollo Śródziemnomorska II Sp. z o.o.,13.11.2020,Osmańska 12,mazowieckie,02-823,Warszawa,https://www.otodom.pl/shop/napollo-srodziemnomorska-ii-sp-z-o-o-IDvnr1/
131,APM Development Spółka z ograniczoną odpowiedzialnością,12.03.2020,Bartycka 85 lok. U1,mazowieckie,00-716,Warszawa,https://www.otodom.pl/shop/apm-development-spolka-z-ograniczona-odpowiedzialnoscia-IDuFOX/
132,UDI TAU Sp. z o.o.,13.01.2021,Quo Vadis 1 lok. U2,mazowieckie,01-875,Warszawa,https://www.otodom.pl/shop/udi-tau-sp-z-o-o-IDvJid/
133,Ippon Barcza Sp. z o.o.,06.09.2018,Warecka 11A,mazowieckie,00-034,Warszawa,https://www.otodom.pl/shop/ippon-barcza-sp-z-o-o-IDkycc/
134,Sprzedaż Mieszkań Deweloperskich,14.04.2020,Jana i Jędrzeja Śniadeckich 17,mazowieckie,00-654,Warszawa,https://www.otodom.pl/shop/sprzedaz-mieszkan-deweloperskich-IDuTtK/
135,UMS Investment Sp.z o.o. Sp.K.,25.05.2020,Rydygiera 8/6A,mazowieckie,01-793,Warszawa,https://www.otodom.pl/shop/ums-investment-sp-z-o-o-sp-k-IDwarW/
136,ECO CLASSIC,14.01.2021,Bukowińska 24A,mazowieckie,02-763,Warszawa,https://www.otodom.pl/shop/eco-classic-IDvKeT/
137,Novisa Development Sp. z o.o. Sp. J.,08.08.2019,Cieślewskich 53,mazowieckie,03-017,Warszawa,https://novisa.otodom.pl
138,Verdancy Development S.A.,19.04.2021,Ząbkowska 14/U3,mazowieckie,03-735,Warszawa,https://www.otodom.pl/shop/verdancy-development-s-a-IDwThD/
139,Yuniversal Development Sp. z o.o.,27.01.2021,Komisji Edukacji Narodowej 48 lok.-8,mazowieckie,02-797,Warszawa,https://www.otodom.pl/shop/yuniversal-development-sp-z-o-o-IDvQzX/
140,Budimex Nieruchomości Sp. z o.o.,23.12.2020,ul. Skierniewicka 16/20,mazowieckie,01-230,Warszawa,https://www.otodom.pl/shop/budimex-nieruchomosci-sp-z-o-o-IDvzQA/
141,Nexity Polska,18.09.2019,Kłobucka 6,mazowieckie,02-699,Warszawa,https://nexity.otodom.pl
142,Home Invest Sp. z o.o.,12.10.2020,Jana Kazimierza 64,mazowieckie,01-248,Warszawa,https://www.otodom.pl/shop/home-invest-sp-z-o-o-IDvbsx/
143,Mota - Engil Real Estate,03.11.2020,Aleje Jerozolimskie 100,mazowieckie,00-807,Warszawa,https://www.otodom.pl/shop/mota-engil-real-estate-IDviG1/
144,Grupa Inwest,20.10.2020,Fabryczna 5,mazowieckie,00-446,Warszawa,https://www.otodom.pl/shop/grupa-inwest-IDvfG0/
145,SUN & SNOW REAL ESTATE SPÓŁKA Z OGRANICZONĄ ODPOWIEDZIALNOŚCIĄ,22.01.2020,ul. KONSTANTEGO ILDEFONSA GAŁCZYŃSKIEGO 4,mazowieckie,00-362,Warszawa,https://www.otodom.pl/shop/sun-snow-real-estate-spolka-z-ograniczona-odpowiedzialnoscia-IDufm0/
146,Trei Residential,25.06.2020,Wspólna 47/49,mazowieckie,00-684,Warszawa,https://www.otodom.pl/shop/trei-residential-IDwgPe/
147,OKAM Capital,12.11.2020,Al. Jerozolimskie 181A,mazowieckie,02-222,Warszawa,https://www.otodom.pl/shop/okam-capital-IDvn7H/
148,Tryboń PPI S.A.,22.09.2020,Serocka 27,mazowieckie,04-333,Warszawa,https://www.otodom.pl/shop/trybon-ppi-s-a-IDwUrt/
149,Dantex,27.11.2020,Płocka 9/11,mazowieckie,01-231,Warszawa,https://www.otodom.pl/shop/dantex-IDvsx7/
150,Napollo Śródziemnomorska II Sp. z o.o.,13.11.2020,Osmańska 12,mazowieckie,02-823,Warszawa,https://www.otodom.pl/shop/napollo-srodziemnomorska-ii-sp-z-o-o-IDvnr1/
151,APM Development Spółka z ograniczoną odpowiedzialnością,12.03.2020,Bartycka 85 lok. U1,mazowieckie,00-716,Warszawa,https://www.otodom.pl/shop/apm-development-spolka-z-ograniczona-odpowiedzialnoscia-IDuFOX/
152,UDI TAU Sp. z o.o.,13.01.2021,Quo Vadis 1 lok. U2,mazowieckie,01-875,Warszawa,https://www.otodom.pl/shop/udi-tau-sp-z-o-o-IDvJid/
153,Ippon Barcza Sp. z o.o.,06.09.2018,Warecka 11A,mazowieckie,00-034,Warszawa,https://www.otodom.pl/shop/ippon-barcza-sp-z-o-o-IDkycc/
154,Sprzedaż Mieszkań Deweloperskich,14.04.2020,Jana i Jędrzeja Śniadeckich 17,mazowieckie,00-654,Warszawa,https://www.otodom.pl/shop/sprzedaz-mieszkan-deweloperskich-IDuTtK/
155,UMS Investment Sp.z o.o. Sp.K.,25.05.2020,Rydygiera 8/6A,mazowieckie,01-793,Warszawa,https://www.otodom.pl/shop/ums-investment-sp-z-o-o-sp-k-IDwarW/
156,ECO CLASSIC,14.01.2021,Bukowińska 24A,mazowieckie,02-763,Warszawa,https://www.otodom.pl/shop/eco-classic-IDvKeT/
157,Novisa Development Sp. z o.o. Sp. J.,08.08.2019,Cieślewskich 53,mazowieckie,03-017,Warszawa,https://novisa.otodom.pl
158,Verdancy Development S.A.,19.04.2021,Ząbkowska 14/U3,mazowieckie,03-735,Warszawa,https://www.otodom.pl/shop/verdancy-development-s-a-IDwThD/
159,Yuniversal Development Sp. z o.o.,27.01.2021,Komisji Edukacji Narodowej 48 lok.-8,mazowieckie,02-797,Warszawa,https://www.otodom.pl/shop/yuniversal-development-sp-z-o-o-IDvQzX/
160,Budimex Nieruchomości Sp. z o.o.,23.12.2020,ul. Skierniewicka 16/20,mazowieckie,01-230,Warszawa,https://www.otodom.pl/shop/budimex-nieruchomosci-sp-z-o-o-IDvzQA/
161,Nexity Polska,18.09.2019,Kłobucka 6,mazowieckie,02-699,Warszawa,https://nexity.otodom.pl
162,Home Invest Sp. z o.o.,12.10.2020,Jana Kazimierza 64,mazowieckie,01-248,Warszawa,https://www.otodom.pl/shop/home-invest-sp-z-o-o-IDvbsx/
163,Mota - Engil Real Estate,03.11.2020,Aleje Jerozolimskie 100,mazowieckie,00-807,Warszawa,https://www.otodom.pl/shop/mota-engil-real-estate-IDviG1/
164,Grupa Inwest,20.10.2020,Fabryczna 5,mazowieckie,00-446,Warszawa,https://www.otodom.pl/shop/grupa-inwest-IDvfG0/
165,SUN & SNOW REAL ESTATE SPÓŁKA Z OGRANICZONĄ ODPOWIEDZIALNOŚCIĄ,22.01.2020,ul. KONSTANTEGO ILDEFONSA GAŁCZYŃSKIEGO 4,mazowieckie,00-362,Warszawa,https://www.otodom.pl/shop/sun-snow-real-estate-spolka-z-ograniczona-odpowiedzialnoscia-IDufm0/
166,Trei Residential,25.06.2020,Wspólna 47/49,mazowieckie,00-684,Warszawa,https://www.otodom.pl/shop/trei-residential-IDwgPe/
167,OKAM Capital,12.11.2020,Al. Jerozolimskie 181A,mazowieckie,02-222,Warszawa,https://www.otodom.pl/shop/okam-capital-IDvn7H/
168,Tryboń PPI S.A.,22.09.2020,Serocka 27,mazowieckie,04-333,Warszawa,https://www.otodom.pl/shop/trybon-ppi-s-a-IDwUrt/
169,Dantex,27.11.2020,Płocka 9/11,mazowieckie,01-231,Warszawa,https://www.otodom.pl/shop/dantex-IDvsx7/
170,Napollo Śródziemnomorska II Sp. z o.o.,13.11.2020,Osmańska 12,mazowieckie,02-823,Warszawa,https://www.otodom.pl/shop/napollo-srodziemnomorska-ii-sp-z-o-o-IDvnr1/
171,APM Development Spółka z ograniczoną odpowiedzialnością,12.03.2020,Bartycka 85 lok. U1,mazowieckie,00-716,Warszawa,https://www.otodom.pl/shop/apm-development-spolka-z-ograniczona-odpowiedzialnoscia-IDuFOX/
172,UDI TAU Sp. z o.o.,13.01.2021,Quo Vadis 1 lok. U2,mazowieckie,01-875,Warszawa,https://www.otodom.pl/shop/udi-tau-sp-z-o-o-IDvJid/
173,Ippon Barcza Sp. z o.o.,06.09.2018,Warecka 11A,mazowieckie,00-034,Warszawa,https://www.otodom.pl/shop/ippon-barcza-sp-z-o-o-IDkycc/
174,Sprzedaż Mieszkań Deweloperskich,14.04.2020,Jana i Jędrzeja Śniadeckich 17,mazowieckie,00-654,Warszawa,https://www.otodom.pl/shop/sprzedaz-mieszkan-deweloperskich-IDuTtK/
175,UMS Investment Sp.z o.o. Sp.K.,25.05.2020,Rydygiera 8/6A,mazowieckie,01-793,Warszawa,https://www.otodom.pl/shop/ums-investment-sp-z-o-o-sp-k-IDwarW/
176,ECO CLASSIC,14.01.2021,Bukowińska 24A,mazowieckie,02-763,Warszawa,https://www.otodom.pl/shop/eco-classic-IDvKeT/
177,Novisa Development Sp. z o.o. Sp. J.,08.08.2019,Cieślewskich 53,mazowieckie,03-017,Warszawa,https://novisa.otodom.pl
178,Verdancy Development S.A.,19.04.2021,Ząbkowska 14/U3,mazowieckie,03-735,Warszawa,https://www.otodom.pl/shop/verdancy-development-s-a-IDwThD/
179,Yuniversal Development Sp. z o.o.,27.01.2021,Komisji Edukacji Narodowej 48 lok.-8,mazowieckie,02-797,Warszawa,https://www.otodom.pl/shop/yuniversal-development-sp-z-o-o-IDvQzX/
180,Budimex Nieruchomości Sp. z o.o.,23.12.2020,ul. Skierniewicka 16/20,mazowieckie,01-230,Warszawa,https://www.otodom.pl/shop/budimex-nieruchomosci-sp-z-o-o-IDvzQA/
181,Nexity Polska,18.09.2019,Kłobucka 6,mazowieckie,02-699,Warszawa,https://nexity.otodom.pl
182,Home Invest Sp. z o.o.,12.10.2020,Jana Kazimierza 64,mazowieckie,01-248,Warszawa,https://www.otodom.pl/shop/home-invest-sp-z-o-o-IDvbsx/
183,Mota - Engil Real Estate,03.11.2020,Aleje Jerozolimskie 100,mazowieckie,00-807,Warszawa,https://www.otodom.pl/shop/mota-engil-real-estate-IDviG1/
184,Grupa Inwest,20.10.2020,Fabryczna 5,mazowieckie,00-446,Warszawa,https://www.otodom.pl/shop/grupa-inwest-IDvfG0/
185,SUN & SNOW REAL ESTATE SPÓŁKA Z OGRANICZONĄ ODPOWIEDZIALNOŚCIĄ,22.01.2020,ul. KONSTANTEGO ILDEFONSA GAŁCZYŃSKIEGO 4,mazowieckie,00-362,Warszawa,https://www.otodom.pl/shop/sun-snow-real-estate-spolka-z-ograniczona-odpowiedzialnoscia-IDufm0/
186,Trei Residential,25.06.2020,Wspólna 47/49,mazowieckie,00-684,Warszawa,https://www.otodom.pl/shop/trei-residential-IDwgPe/
187,OKAM Capital,12.11.2020,Al. Jerozolimskie 181A,mazowieckie,02-222,Warszawa,https://www.otodom.pl/shop/okam-capital-IDvn7H/
188,Tryboń PPI S.A.,22.09.2020,Serocka 27,mazowieckie,04-333,Warszawa,https://www.otodom.pl/shop/trybon-ppi-s-a-IDwUrt/
189,Dantex,27.11.2020,Płocka 9/11,mazowieckie,01-231,Warszawa,https://www.otodom.pl/shop/dantex-IDvsx7/
190,Napollo Śródziemnomorska II Sp. z o.o.,13.11.2020,Osmańska 12,mazowieckie,02-823,Warszawa,https://www.otodom.pl/shop/napollo-srodziemnomorska-ii-sp-z-o-o-IDvnr1/
191,APM Development Spółka z ograniczoną odpowiedzialnością,12.03.2020,Bartycka 85 lok. U1,mazowieckie,00-716,Warszawa,https://www.otodom.pl/shop/apm-development-spolka-z-ograniczona-odpowiedzialnoscia-IDuFOX/
192,UDI TAU Sp. z o.o.,13.01.2021,Quo Vadis 1 lok. U2,mazowieckie,01-875,Warszawa,https://www.otodom.pl/shop/udi-tau-sp-z-o-o-IDvJid/
193,Ippon Barcza Sp. z o.o.,06.09.2018,Warecka 11A,mazowieckie,00-034,Warszawa,https://www.otodom.pl/shop/ippon-barcza-sp-z-o-o-IDkycc/
194,Sprzedaż Mieszkań Deweloperskich,14.04.2020,Jana i Jędrzeja Śniadeckich 17,mazowieckie,00-654,Warszawa,https://www.otodom.pl/shop/sprzedaz-mieszkan-deweloperskich-IDuTtK/
195,UMS Investment Sp.z o.o. Sp.K.,25.05.2020,Rydygiera 8/6A,mazowieckie,01-793,Warszawa,https://www.otodom.pl/shop/ums-investment-sp-z-o-o-sp-k-IDwarW/
196,ECO CLASSIC,14.01.2021,Bukowińska 24A,mazowieckie,02-763,Warszawa,https://www.otodom.pl/shop/eco-classic-IDvKeT/
197,Novisa Development Sp. z o.o. Sp. J.,08.08.2019,Cieślewskich 53,mazowieckie,03-017,Warszawa,https://novisa.otodom.pl
198,Verdancy Development S.A.,19.04.2021,Ząbkowska 14/U3,mazowieckie,03-735,Warszawa,https://www.otodom.pl/shop/verdancy-development-s-a-IDwThD/
199,Yuniversal Development Sp. z o.o.,27.01.2021,Komisji Edukacji Narodowej 48 lok.-8,mazowieckie,02-797,Warszawa,https://www.otodom.pl/shop/yuniversal-development-sp-z-o-o-IDvQzX/
200,Budimex Nieruchomości Sp. z o.o.,23.12.2020,ul. Skierniewicka 16/20,mazowieckie,01-230,Warszawa,https://www.otodom.pl/shop/budimex-nieruchomosci-sp-z-o-o-IDvzQA/
201,Nexity Polska,18.09.2019,Kłobucka 6,mazowieckie,02-699,Warszawa,https://nexity.otodom.pl
202,Home Invest Sp. z o.o.,12.10.2020,Jana Kazimierza 64,mazowieckie,01-248,Warszawa,https://www.otodom.pl/shop/home-invest-sp-z-o-o-IDvbsx/
203,Mota - Engil Real Estate,03.11.2020,Aleje Jerozolimskie 100,mazowieckie,00-807,Warszawa,https://www.otodom.pl/shop/mota-engil-real-estate-IDviG1/
204,Grupa Inwest,20.10.2020,Fabryczna 5,mazowieckie,00-446,Warszawa,https://www.otodom.pl/shop/grupa-inwest-IDvfG0/
205,SUN & SNOW REAL ESTATE SPÓŁKA Z OGRANICZONĄ ODPOWIEDZIALNOŚCIĄ,22.01.2020,ul. KONSTANTEGO ILDEFONSA GAŁCZYŃSKIEGO 4,mazowieckie,00-362,Warszawa,https://www.otodom.pl/shop/sun-snow-real-estate-spolka-z-ograniczona-odpowiedzialnoscia-IDufm0/
206,Trei Residential,25.06.2020,Wspólna 47/49,mazowieckie,00-684,Warszawa,https://www.otodom.pl/shop/trei-residential-IDwgPe/
207,OKAM Capital,12.11.2020,Al. Jerozolimskie 181A,mazowieckie,02-222,Warszawa,https://www.otodom.pl/shop/okam-capital-IDvn7H/
208,Tryboń PPI S.A.,22.09.2020,Serocka 27,mazowieckie,04-333,Warszawa,https://www.otodom.pl/shop/trybon-ppi-s-a-IDwUrt/
209,Dantex,27.11.2020,Płocka 9/11,mazowieckie,01-231,Warszawa,https://www.otodom.pl/shop/dantex-IDvsx7/
210,Napollo Śródziemnomorska II Sp. z o.o.,13.11.2020,Osmańska 12,mazowieckie,02-823,Warszawa,https://www.otodom.pl/shop/napollo-srodziemnomorska-ii-sp-z-o-o-IDvnr1/
211,APM Development Spółka z ograniczoną odpowiedzialnością,12.03.2020,Bartycka 85 lok. U1,mazowieckie,00-716,Warszawa,https://www.otodom.pl/shop/apm-development-spolka-z-ograniczona-odpowiedzialnoscia-IDuFOX/
212,UDI TAU Sp. z o.o.,13.01.2021,Quo Vadis 1 lok. U2,mazowieckie,01-875,Warszawa,https://www.otodom.pl/shop/udi-tau-sp-z-o-o-IDvJid/
213,Ippon Barcza Sp. z o.o.,06.09.2018,Warecka 11A,mazowieckie,00-034,Warszawa,https://www.otodom.pl/shop/ippon-barcza-sp-z-o-o-IDkycc/
214,Sprzedaż Mieszkań Deweloperskich,14.04.2020,Jana i Jędrzeja Śniadeckich 17,mazowieckie,00-654,Warszawa,https://www.otodom.pl/shop/sprzedaz-mieszkan-deweloperskich-IDuTtK/
215,UMS Investment Sp.z o.o. Sp.K.,25.05.2020,Rydygiera 8/6A,mazowieckie,01-793,Warszawa,https://www.otodom.pl/shop/ums-investment-sp-z-o-o-sp-k-IDwarW/
216,ECO CLASSIC,14.01.2021,Bukowińska 24A,mazowieckie,02-763,Warszawa,https://www.otodom.pl/shop/eco-classic-IDvKeT/
217,Novisa Development Sp. z o.o. Sp. J.,08.08.2019,Cieślewskich 53,mazowieckie,03-017,Warszawa,https://novisa.otodom.pl
218,Verdancy Development S.A.,19.04.2021,Ząbkowska 14/U3,mazowieckie,03-735,Warszawa,https://www.otodom.pl/shop/verdancy-development-s-a-IDwThD/
219,Yuniversal Development Sp. z o.o.,27.01.2021,Komisji Edukacji Narodowej 48 lok.-8,mazowieckie,02-797,Warszawa,https://www.otodom.pl/shop/yuniversal-development-sp-z-o-o-IDvQzX/
220,Budimex Nieruchomości Sp. z o.o.,23.12.2020,ul. Skierniewicka 16/20,mazowieckie,01-230,Warszawa,https://www.otodom.pl/shop/budimex-nieruchomosci-sp-z-o-o-IDvzQA/
221,Nexity Polska,18.09.2019,Kłobucka 6,mazowieckie,02-699,Warszawa,https://nexity.otodom.pl
222,Home Invest Sp. z o.o.,12.10.2020,Jana Kazimierza 64,mazowieckie,01-248,Warszawa,https://www.otodom.pl/shop/home-invest-sp-z-o-o-IDvbsx/
223,Mota - Engil Real Estate,03.11.2020,Aleje Jerozolimskie 100,mazowieckie,00-807,Warszawa,https://www.otodom.pl/shop/mota-engil-real-estate-IDviG1/
224,Grupa Inwest,20.10.2020,Fabryczna 5,mazowieckie,00-446,Warszawa,https://www.otodom.pl/shop/grupa-inwest-IDvfG0/
225,SUN & SNOW REAL ESTATE SPÓŁKA Z OGRANICZONĄ ODPOWIEDZIALNOŚCIĄ,22.01.2020,ul. KONSTANTEGO ILDEFONSA GAŁCZYŃSKIEGO 4,mazowieckie,00-362,Warszawa,https://www.otodom.pl/shop/sun-snow-real-estate-spolka-z-ograniczona-odpowiedzialnoscia-IDufm0/
226,Trei Residential,25.06.2020,Wspólna 47/49,mazowieckie,00-684,Warszawa,https://www.otodom.pl/shop/trei-residential-IDwgPe/
227,OKAM Capital,12.11.2020,Al. Jerozolimskie 181A,mazowieckie,02-222,Warszawa,https://www.otodom.pl/shop/okam-capital-IDvn7H/
228,Tryboń PPI S.A.,22.09.2020,Serocka 27,mazowieckie,04-333,Warszawa,https://www.otodom.pl/shop/trybon-ppi-s-a-IDwUrt/
229,Dantex,27.11.2020,Płocka 9/11,mazowieckie,01-231,Warszawa,https://www.otodom.pl/shop/dantex-IDvsx7/
230,Napollo Śródziemnomorska II Sp. z o.o.,13.11.2020,Osmańska 12,mazowieckie,02-823,Warszawa,https://www.otodom.pl/shop/napollo-srodziemnomorska-ii-sp-z-o-o-IDvnr1/
231,APM Development Spółka z ograniczoną odpowiedzialnością,12.03.2020,Bartycka 85 lok. U1,mazowieckie,00-716,Warszawa,https://www.otodom.pl/shop/apm-development-spolka-z-ograniczona-odpowiedzialnoscia-IDuFOX/
232,UDI TAU Sp. z o.o.,13.01.2021,Quo Vadis 1 lok. U2,mazowieckie,01-875,Warszawa,https://www.otodom.pl/shop/udi-tau-sp-z-o-o-IDvJid/
233,Ippon Barcza Sp. z o.o.,06.09.2018,Warecka 11A,mazowieckie,00-034,Warszawa,https://www.otodom.pl/shop/ippon-barcza-sp-z-o-o-IDkycc/
234,Sprzedaż Mieszkań Deweloperskich,14.04.2020,Jana i Jędrzeja Śniadeckich 17,mazowieckie,00-654,Warszawa,https://www.otodom.pl/shop/sprzedaz-mieszkan-deweloperskich-IDuTtK/
235,UMS Investment Sp.z o.o. Sp.K.,25.05.2020,Rydygiera 8/6A,mazowieckie,01-793,Warszawa,https://www.otodom.pl/shop/ums-investment-sp-z-o-o-sp-k-IDwarW/
236,ECO CLASSIC,14.01.2021,Bukowińska 24A,mazowieckie,02-763,Warszawa,https://www.otodom.pl/shop/eco-classic-IDvKeT/
237,Novisa Development Sp. z o.o. Sp. J.,08.08.2019,Cieślewskich 53,mazowieckie,03-017,Warszawa,https://novisa.otodom.pl
238,Verdancy Development S.A.,19.04.2021,Ząbkowska 14/U3,mazowieckie,03-735,Warszawa,https://www.otodom.pl/shop/verdancy-development-s-a-IDwThD/
239,Yuniversal Development Sp. z o.o.,27.01.2021,Komisji Edukacji Narodowej 48 lok.-8,mazowieckie,02-797,Warszawa,https://www.otodom.pl/shop/yuniversal-development-sp-z-o-o-IDvQzX/
240,Budimex Nieruchomości Sp. z o.o.,23.12.2020,ul. Skierniewicka 16/20,mazowieckie,01-230,Warszawa,https://www.otodom.pl/shop/budimex-nieruchomosci-sp-z-o-o-IDvzQA/
241,Nexity Polska,18.09.2019,Kłobucka 6,mazowieckie,02-699,Warszawa,https://nexity.otodom.pl
242,Home Invest Sp. z o.o.,12.10.2020,Jana Kazimierza 64,mazowieckie,01-248,Warszawa,https://www.otodom.pl/shop/home-invest-sp-z-o-o-IDvbsx/
243,Mota - Engil Real Estate,03.11.2020,Aleje Jerozolimskie 100,mazowieckie,00-807,Warszawa,https://www.otodom.pl/shop/mota-engil-real-estate-IDviG1/
244,Grupa Inwest,20.10.2020,Fabryczna 5,mazowieckie,00-446,Warszawa,https://www.otodom.pl/shop/grupa-inwest-IDvfG0/
245,SUN & SNOW REAL ESTATE SPÓŁKA Z OGRANICZONĄ ODPOWIEDZIALNOŚCIĄ,22.01.2020,ul. KONSTANTEGO ILDEFONSA GAŁCZYŃSKIEGO 4,mazowieckie,00-362,Warszawa,https://www.otodom.pl/shop/sun-snow-real-estate-spolka-z-ograniczona-odpowiedzialnoscia-IDufm0/
246,Trei Residential,25.06.2020,Wspólna 47/49,mazowieckie,00-684,Warszawa,https://www.otodom.pl/shop/trei-residential-IDwgPe/
247,OKAM Capital,12.11.2020,Al. Jerozolimskie 181A,mazowieckie,02-222,Warszawa,https://www.otodom.pl/shop/okam-capital-IDvn7H/
248,Tryboń PPI S.A.,22.09.2020,Serocka 27,mazowieckie,04-333,Warszawa,https://www.otodom.pl/shop/trybon-ppi-s-a-IDwUrt/
249,Dantex,27.11.2020,Płocka 9/11,mazowieckie,01-231,Warszawa,https://www.otodom.pl/shop/dantex-IDvsx7/
250,Napollo Śródziemnomorska II Sp. z o.o.,13.11.2020,Osmańska 12,mazowieckie,02-823,Warszawa,https://www.otodom.pl/shop/napollo-srodziemnomorska-ii-sp-z-o-o-IDvnr1/
251,APM Development Spółka z ograniczoną odpowiedzialnością,12.03.2020,Bartycka 85 lok. U1,mazowieckie,00-716,Warszawa,https://www.otodom.pl/shop/apm-development-spolka-z-ograniczona-odpowiedzialnoscia-IDuFOX/
252,UDI TAU Sp. z o.o.,13.01.2021,Quo Vadis 1 lok. U2,mazowieckie,01-875,Warszawa,https://www.otodom.pl/shop/udi-tau-sp-z-o-o-IDvJid/
253,Ippon Barcza Sp. z o.o.,06.09.2018,Warecka 11A,mazowieckie,00-034,Warszawa,https://www.otodom.pl/shop/ippon-barcza-sp-z-o-o-IDkycc/
254,Sprzedaż Mieszkań Deweloperskich,14.04.2020,Jana i Jędrzeja Śniadeckich 17,mazowieckie,00-654,Warszawa,https://www.otodom.pl/shop/sprzedaz-mieszkan-deweloperskich-IDuTtK/
255,UMS Investment Sp.z o.o. Sp.K.,25.05.2020,Rydygiera 8/6A,mazowieckie,01-793,Warszawa,https://www.otodom.pl/shop/ums-investment-sp-z-o-o-sp-k-IDwarW/
256,ECO CLASSIC,14.01.2021,Bukowińska 24A,mazowieckie,02-763,Warszawa,https://www.otodom.pl/shop/eco-classic-IDvKeT/
257,Novisa Development Sp. z o.o. Sp. J.,08.08.2019,Cieślewskich 53,mazowieckie,03-017,Warszawa,https://novisa.otodom.pl
258,Verdancy Development S.A.,19.04.2021,Ząbkowska 14/U3,mazowieckie,03-735,Warszawa,https://www.otodom.pl/shop/verdancy-development-s-a-IDwThD/
259,Yuniversal Development Sp. z o.o.,27.01.2021,Komisji Edukacji Narodowej 48 lok.-8,mazowieckie,02-797,Warszawa,https://www.otodom.pl/shop/yuniversal-development-sp-z-o-o-IDvQzX/
260,Budimex Nieruchomości Sp. z o.o.,23.12.2020,ul. Skierniewicka 16/20,mazowieckie,01-230,Warszawa,https://www.otodom.pl/shop/budimex-nieruchomosci-sp-z-o-o-IDvzQA/
261,Nexity Polska,18.09.2019,Kłobucka 6,mazowieckie,02-699,Warszawa,https://nexity.otodom.pl
262,Home Invest Sp. z o.o.,12.10.2020,Jana Kazimierza 64,mazowieckie,01-248,Warszawa,https://www.otodom.pl/shop/home-invest-sp-z-o-o-IDvbsx/
263,Mota - Engil Real Estate,03.11.2020,Aleje Jerozolimskie 100,mazowieckie,00-807,Warszawa,https://www.otodom.pl/shop/mota-engil-real-estate-IDviG1/
264,Grupa Inwest,20.10.2020,Fabryczna 5,mazowieckie,00-446,Warszawa,https://www.otodom.pl/shop/grupa-inwest-IDvfG0/
265,SUN & SNOW REAL ESTATE SPÓŁKA Z OGRANICZONĄ ODPOWIEDZIALNOŚCIĄ,22.01.2020,ul. KONSTANTEGO ILDEFONSA GAŁCZYŃSKIEGO 4,mazowieckie,00-362,Warszawa,https://www.otodom.pl/shop/sun-snow-real-estate-spolka-z-ograniczona-odpowiedzialnoscia-IDufm0/
266,Trei Residential,25.06.2020,Wspólna 47/49,mazowieckie,00-684,Warszawa,https://www.otodom.pl/shop/trei-residential-IDwgPe/
267,OKAM Capital,12.11.2020,Al. Jerozolimskie 181A,mazowieckie,02-222,Warszawa,https://www.otodom.pl/shop/okam-capital-IDvn7H/
268,Tryboń PPI S.A.,22.09.2020,Serocka 27,mazowieckie,04-333,Warszawa,https://www.otodom.pl/shop/trybon-ppi-s-a-IDwUrt/
269,Dantex,27.11.2020,Płocka 9/11,mazowieckie,01-231,Warszawa,https://www.otodom.pl/shop/dantex-IDvsx7/
270,Napollo Śródziemnomorska II Sp. z o.o.,13.11.2020,Osmańska 12,mazowieckie,02-823,Warszawa,https://www.otodom.pl/shop/napollo-srodziemnomorska-ii-sp-z-o-o-IDvnr1/
271,APM Development Spółka z ograniczoną odpowiedzialnością,12.03.2020,Bartycka 85 lok. U1,mazowieckie,00-716,Warszawa,https://www.otodom.pl/shop/apm-development-spolka-z-ograniczona-odpowiedzialnoscia-IDuFOX/
272,UDI TAU Sp. z o.o.,13.01.2021,Quo Vadis 1 lok. U2,mazowieckie,01-875,Warszawa,https://www.otodom.pl/shop/udi-tau-sp-z-o-o-IDvJid/
273,Ippon Barcza Sp. z o.o.,06.09.2018,Warecka 11A,mazowieckie,00-034,Warszawa,https://www.otodom.pl/shop/ippon-barcza-sp-z-o-o-IDkycc/
274,Sprzedaż Mieszkań Deweloperskich,14.04.2020,Jana i Jędrzeja Śniadeckich 17,mazowieckie,00-654,Warszawa,https://www.otodom.pl/shop/sprzedaz-mieszkan-deweloperskich-IDuTtK/
275,UMS Investment Sp.z o.o. Sp.K.,25.05.2020,Rydygiera 8/6A,mazowieckie,01-793,Warszawa,https://www.otodom.pl/shop/ums-investment-sp-z-o-o-sp-k-IDwarW/
276,ECO CLASSIC,14.01.2021,Bukowińska 24A,mazowieckie,02-763,Warszawa,https://www.otodom.pl/shop/eco-classic-IDvKeT/
277,Novisa Development Sp. z o.o. Sp. J.,08.08.2019,Cieślewskich 53,mazowieckie,03-017,Warszawa,https://novisa.otodom.pl
278,Verdancy Development S.A.,19.04.2021,Ząbkowska 14/U3,mazowieckie,03-735,Warszawa,https://www.otodom.pl/shop/verdancy-development-s-a-IDwThD/
279,Yuniversal Development Sp. z o.o.,27.01.2021,Komisji Edukacji Narodowej 48 lok.-8,mazowieckie,02-797,Warszawa,https://www.otodom.pl/shop/yuniversal-development-sp-z-o-o-IDvQzX/
280,Budimex Nieruchomości Sp. z o.o.,23.12.2020,ul. Skierniewicka 16/20,mazowieckie,01-230,Warszawa,https://www.otodom.pl/shop/budimex-nieruchomosci-sp-z-o-o-IDvzQA/
281,Nexity Polska,18.09.2019,Kłobucka 6,mazowieckie,02-699,Warszawa,https://nexity.otodom.pl
282,Home Invest Sp. z o.o.,12.10.2020,Jana Kazimierza 64,mazowieckie,01-248,Warszawa,https://www.otodom.pl/shop/home-invest-sp-z-o-o-IDvbsx/
283,Mota - Engil Real Estate,03.11.2020,Aleje Jerozolimskie 100,mazowieckie,00-807,Warszawa,https://www.otodom.pl/shop/mota-engil-real-estate-IDviG1/
284,Grupa Inwest,20.10.2020,Fabryczna 5,mazowieckie,00-446,Warszawa,https://www.otodom.pl/shop/grupa-inwest-IDvfG0/
285,SUN & SNOW REAL ESTATE SPÓŁKA Z OGRANICZONĄ ODPOWIEDZIALNOŚCIĄ,22.01.2020,ul. KONSTANTEGO ILDEFONSA GAŁCZYŃSKIEGO 4,mazowieckie,00-362,Warszawa,https://www.otodom.pl/shop/sun-snow-real-estate-spolka-z-ograniczona-odpowiedzialnoscia-IDufm0/
286,Trei Residential,25.06.2020,Wspólna 47/49,mazowieckie,00-684,Warszawa,https://www.otodom.pl/shop/trei-residential-IDwgPe/
287,OKAM Capital,12.11.2020,Al. Jerozolimskie 181A,mazowieckie,02-222,Warszawa,https://www.otodom.pl/shop/okam-capital-IDvn7H/
288,Tryboń PPI S.A.,22.09.2020,Serocka 27,mazowieckie,04-333,Warszawa,https://www.otodom.pl/shop/trybon-ppi-s-a-IDwUrt/
289,Dantex,27.11.2020,Płocka 9/11,mazowieckie,01-231,Warszawa,https://www.otodom.pl/shop/dantex-IDvsx7/
290,Napollo Śródziemnomorska II Sp. z o.o.,13.11.2020,Osmańska 12,mazowieckie,02-823,Warszawa,https://www.otodom.pl/shop/napollo-srodziemnomorska-ii-sp-z-o-o-IDvnr1/
291,APM Development Spółka z ograniczoną odpowiedzialnością,12.03.2020,Bartycka 85 lok. U1,mazowieckie,00-716,Warszawa,https://www.otodom.pl/shop/apm-development-spolka-z-ograniczona-odpowiedzialnoscia-IDuFOX/
292,UDI TAU Sp. z o.o.,13.01.2021,Quo Vadis 1 lok. U2,mazowieckie,01-875,Warszawa,https://www.otodom.pl/shop/udi-tau-sp-z-o-o-IDvJid/
293,Ippon Barcza Sp. z o.o.,06.09.2018,Warecka 11A,mazowieckie,00-034,Warszawa,https://www.otodom.pl/shop/ippon-barcza-sp-z-o-o-IDkycc/
294,Sprzedaż Mieszkań Deweloperskich,14.04.2020,Jana i Jędrzeja Śniadeckich 17,mazowieckie,00-654,Warszawa,https://www.otodom.pl/shop/sprzedaz-mieszkan-deweloperskich-IDuTtK/
295,UMS Investment Sp.z o.o. Sp.K.,25.05.2020,Rydygiera 8/6A,mazowieckie,01-793,Warszawa,https://www.otodom.pl/shop/ums-investment-sp-z-o-o-sp-k-IDwarW/
296,ECO CLASSIC,14.01.2021,Bukowińska 24A,mazowieckie,02-763,Warszawa,https://www.otodom.pl/shop/eco-classic-IDvKeT/
297,Novisa Development Sp. z o.o. Sp. J.,08.08.2019,Cieślewskich 53,mazowieckie,03-017,Warszawa,https://novisa.otodom.pl
298,Verdancy Development S.A.,19.04.2021,Ząbkowska 14/U3,mazowieckie,03-735,Warszawa,https://www.otodom.pl/shop/verdancy-development-s-a-IDwThD/
299,Yuniversal Development Sp. z o.o.,27.01.2021,Komisji Edukacji Narodowej 48 lok.-8,mazowieckie,02-797,Warszawa,https://www.otodom.pl/shop/yuniversal-development-sp-z-o-o-IDvQzX/
300,Budimex Nieruchomości Sp. z o.o.,23.12.2020,ul. Skierniewicka 16/20,mazowieckie,01-230,Warszawa,https://www.otodom.pl/shop/budimex-nieruchomosci-sp-z-o-o-IDvzQA/
301,Nexity Polska,18.09.2019,Kłobucka 6,mazowieckie,02-699,Warszawa,https://nexity.otodom.pl
302,Home Invest Sp. z o.o.,12.10.2020,Jana Kazimierza 64,mazowieckie,01-248,Warszawa,https://www.otodom.pl/shop/home-invest-sp-z-o-o-IDvbsx/
303,Mota - Engil Real Estate,03.11.2020,Aleje Jerozolimskie 100,mazowieckie,00-807,Warszawa,https://www.otodom.pl/shop/mota-engil-real-estate-IDviG1/
304,Grupa Inwest,20.10.2020,Fabryczna 5,mazowieckie,00-446,Warszawa,https://www.otodom.pl/shop/grupa-inwest-IDvfG0/
305,SUN & SNOW REAL ESTATE SPÓŁKA Z OGRANICZONĄ ODPOWIEDZIALNOŚCIĄ,22.01.2020,ul. KONSTANTEGO ILDEFONSA GAŁCZYŃSKIEGO 4,mazowieckie,00-362,Warszawa,https://www.otodom.pl/shop/sun-snow-real-estate-spolka-z-ograniczona-odpowiedzialnoscia-IDufm0/
306,Trei Residential,25.06.2020,Wspólna 47/49,mazowieckie,00-684,Warszawa,https://www.otodom.pl/shop/trei-residential-IDwgPe/
307,OKAM Capital,12.11.2020,Al. Jerozolimskie 181A,mazowieckie,02-222,Warszawa,https://www.otodom.pl/shop/okam-capital-IDvn7H/
308,Tryboń PPI S.A.,22.09.2020,Serocka 27,mazowieckie,04-333,Warszawa,https://www.otodom.pl/shop/trybon-ppi-s-a-IDwUrt/
309,Dantex,27.11.2020,Płocka 9/11,mazowieckie,01-231,Warszawa,https://www.otodom.pl/shop/dantex-IDvsx7/
310,Napollo Śródziemnomorska II Sp. z o.o.,13.11.2020,Osmańska 12,mazowieckie,02-823,Warszawa,https://www.otodom.pl/shop/napollo-srodziemnomorska-ii-sp-z-o-o-IDvnr1/
311,APM Development Spółka z ograniczoną odpowiedzialnością,12.03.2020,Bartycka 85 lok. U1,mazowieckie,00-716,Warszawa,https://www.otodom.pl/shop/apm-development-spolka-z-ograniczona-odpowiedzialnoscia-IDuFOX/
312,UDI TAU Sp. z o.o.,13.01.2021,Quo Vadis 1 lok. U2,mazowieckie,01-875,Warszawa,https://www.otodom.pl/shop/udi-tau-sp-z-o-o-IDvJid/
313,Ippon Barcza Sp. z o.o.,06.09.2018,Warecka 11A,mazowieckie,00-034,Warszawa,https://www.otodom.pl/shop/ippon-barcza-sp-z-o-o-IDkycc/
314,Sprzedaż Mieszkań Deweloperskich,14.04.2020,Jana i Jędrzeja Śniadeckich 17,mazowieckie,00-654,Warszawa,https://www.otodom.pl/shop/sprzedaz-mieszkan-deweloperskich-IDuTtK/
315,UMS Investment Sp.z o.o. Sp.K.,25.05.2020,Rydygiera 8/6A,mazowieckie,01-793,Warszawa,https://www.otodom.pl/shop/ums-investment-sp-z-o-o-sp-k-IDwarW/
316,ECO CLASSIC,14.01.2021,Bukowińska 24A,mazowieckie,02-763,Warszawa,https://www.otodom.pl/shop/eco-classic-IDvKeT/
317,Novisa Development Sp. z o.o. Sp. J.,08.08.2019,Cieślewskich 53,mazowieckie,03-017,Warszawa,https://novisa.otodom.pl
318,Verdancy Development S.A.,19.04.2021,Ząbkowska 14/U3,mazowieckie,03-735,Warszawa,https://www.otodom.pl/shop/verdancy-development-s-a-IDwThD/
319,Yuniversal Development Sp. z o.o.,27.01.2021,Komisji Edukacji Narodowej 48 lok.-8,mazowieckie,02-797,Warszawa,https://www.otodom.pl/shop/yuniversal-development-sp-z-o-o-IDvQzX/
320,Budimex Nieruchomości Sp. z o.o.,23.12.2020,ul. Skierniewicka 16/20,mazowieckie,01-230,Warszawa,https://www.otodom.pl/shop/budimex-nieruchomosci-sp-z-o-o-IDvzQA/
321,Nexity Polska,18.09.2019,Kłobucka 6,mazowieckie,02-699,Warszawa,https://nexity.otodom.pl
322,Home Invest Sp. z o.o.,12.10.2020,Jana Kazimierza 64,mazowieckie,01-248,Warszawa,https://www.otodom.pl/shop/home-invest-sp-z-o-o-IDvbsx/
323,Mota - Engil Real Estate,03.11.2020,Aleje Jerozolimskie 100,mazowieckie,00-807,Warszawa,https://www.otodom.pl/shop/mota-engil-real-estate-IDviG1/
324,Grupa Inwest,20.10.2020,Fabryczna 5,mazowieckie,00-446,Warszawa,https://www.otodom.pl/shop/grupa-inwest-IDvfG0/
325,SUN & SNOW REAL ESTATE SPÓŁKA Z OGRANICZONĄ ODPOWIEDZIALNOŚCIĄ,22.01.2020,ul. KONSTANTEGO ILDEFONSA GAŁCZYŃSKIEGO 4,mazowieckie,00-362,Warszawa,https://www.otodom.pl/shop/sun-snow-real-estate-spolka-z-ograniczona-odpowiedzialnoscia-IDufm0/
326,Trei Residential,25.06.2020,Wspólna 47/49,mazowieckie,00-684,Warszawa,https://www.otodom.pl/shop/trei-residential-IDwgPe/
327,OKAM Capital,12.11.2020,Al. Jerozolimskie 181A,mazowieckie,02-222,Warszawa,https://www.otodom.pl/shop/okam-capital-IDvn7H/
328,Tryboń PPI S.A.,22.09.2020,Serocka 27,mazowieckie,04-333,Warszawa,https://www.otodom.pl/shop/trybon-ppi-s-a-IDwUrt/
329,Dantex,27.11.2020,Płocka 9/11,mazowieckie,01-231,Warszawa,https://www.otodom.pl/shop/dantex-IDvsx7/
330,Napollo Śródziemnomorska II Sp. z o.o.,13.11.2020,Osmańska 12,mazowieckie,02-823,Warszawa,https://www.otodom.pl/shop/napollo-srodziemnomorska-ii-sp-z-o-o-IDvnr1/
331,APM Development Spółka z ograniczoną odpowiedzialnością,12.03.2020,Bartycka 85 lok. U1,mazowieckie,00-716,Warszawa,https://www.otodom.pl/shop/apm-development-spolka-z-ograniczona-odpowiedzialnoscia-IDuFOX/
332,UDI TAU Sp. z o.o.,13.01.2021,Quo Vadis 1 lok. U2,mazowieckie,01-875,Warszawa,https://www.otodom.pl/shop/udi-tau-sp-z-o-o-IDvJid/
333,Ippon Barcza Sp. z o.o.,06.09.2018,Warecka 11A,mazowieckie,00-034,Warszawa,https://www.otodom.pl/shop/ippon-barcza-sp-z-o-o-IDkycc/
334,Sprzedaż Mieszkań Deweloperskich,14.04.2020,Jana i Jędrzeja Śniadeckich 17,mazowieckie,00-654,Warszawa,https://www.otodom.pl/shop/sprzedaz-mieszkan-deweloperskich-IDuTtK/
335,UMS Investment Sp.z o.o. Sp.K.,25.05.2020,Rydygiera 8/6A,mazowieckie,01-793,Warszawa,https://www.otodom.pl/shop/ums-investment-sp-z-o-o-sp-k-IDwarW/
336,ECO CLASSIC,14.01.2021,Bukowińska 24A,mazowieckie,02-763,Warszawa,https://www.otodom.pl/shop/eco-classic-IDvKeT/
337,Novisa Development Sp. z o.o. Sp. J.,08.08.2019,Cieślewskich 53,mazowieckie,03-017,Warszawa,https://novisa.otodom.pl
338,Verdancy Development S.A.,19.04.2021,Ząbkowska 14/U3,mazowieckie,03-735,Warszawa,https://www.otodom.pl/shop/verdancy-development-s-a-IDwThD/
339,Yuniversal Development Sp. z o.o.,27.01.2021,Komisji Edukacji Narodowej 48 lok.-8,mazowieckie,02-797,Warszawa,https://www.otodom.pl/shop/yuniversal-development-sp-z-o-o-IDvQzX/
